상호명,지점명,도로명주소,경도,위도
CU,강서태양점,서울특별시 강서구 강서로18길 146,126.853607,37.53512526
세븐일레븐,화곡수명점,서울특별시 강서구 강서로33길 103,126.8342201,37.54052187
세븐일레븐,강서내발산길점,서울특별시 강서구 강서로45라길 35,126.834082,37.54938668
CU,수명파크점,서울특별시 강서구 수명로1길 110,126.824639,37.55185198
CU,마곡아르디에점,서울특별시 강서구 강서로 423,126.8393406,37.56349459
GS25,등촌스타점,서울특별시 강서구 등촌로39길 6,126.8620021,37.54557739
CU,우장산역점,서울특별시 강서구 강서로 251,126.836003,37.54811715
CU,방화진흥점,서울특별시 강서구 초원로 30,126.8084314,37.56757466
세븐일레븐,화곡우장산숲점,서울특별시 강서구 화곡로31길 22,126.8421737,37.54425833
GS25,염창사랑점,서울특별시 강서구 양천로73길 80,126.8741386,37.55424457
CU,등촌두산점,서울특별시 강서구 양천로 564,126.8615549,37.55712434
세븐일레븐,방화점,서울특별시 강서구 금낭화로 146,126.813289,37.57818364
CU,마곡푸르지오점,서울특별시 강서구 마곡중앙6로 10,126.8281723,37.56037482
CU,방화또오기점,서울특별시 강서구 초원로16길 24,126.8150485,37.56645191
CU,염창태진점,서울특별시 강서구 양천로 698,126.873299,37.54987555
세븐일레븐,화곡곰달래지점,서울특별시 강서구 곰달래로 104,126.844313,37.53029522
미니스톱,가양대교점,서울특별시 강서구 양천로 492,126.854548,37.56088596
세븐일레븐,강서등촌점,서울특별시 강서구 공항대로41길 43,126.8455197,37.55989699
GS25,마곡파크뷰점,서울특별시 강서구 마곡중앙6로 85,126.8368558,37.56023543
GS25,마곡시티점,서울특별시 강서구 마곡서로 170,126.8254517,37.56929501
세븐일레븐,등촌역점,서울특별시 강서구 등촌로 229-1,126.8634584,37.5502768
CU,수명산7단지점,서울특별시 강서구 수명로2가길 22,126.8218768,37.5475896
GS25,화곡대원점,서울특별시 강서구 화곡로21길 87,126.835898,37.54468318
CU,나눔방화점,서울특별시 강서구 방화대로37길 15,126.8159877,37.57004743
CU,공항단지점,서울특별시 강서구 방화대로6바길 4,126.8191162,37.55472522
세븐일레븐,마곡럭스점,서울특별시 강서구 마곡서로 168,126.825525,37.56895334
GS25,강서IT밸리점,서울특별시 강서구 화곡로68길 82,126.8582891,37.5575253
세븐일레븐,공항시장점,서울특별시 강서구 방화동로5길 24,126.8099734,37.56457177
GS25,화곡풀향기점,서울특별시 강서구 강서로35길 8,126.8384028,37.54296885
GS25,방화대림점,서울특별시 강서구 양천로6길 57,126.808015,37.56955272
CU,화곡에스점,서울특별시 강서구 강서로5나길 117,126.8416197,37.52813337
CU,화곡이슬점,서울특별시 강서구 곰달래로24길 19,126.8472176,37.52975595
세븐일레븐,강서등촌로점,서울특별시 강서구 등촌로51길 47,126.8605885,37.54923097
CU,화곡PMK점,서울특별시 강서구 곰달래로 77,126.8412799,37.5303556
GS25,강서부영점,서울특별시 강서구 강서로56나길 110,126.8428267,37.56350178
이마트24,발산현대점,서울특별시 강서구 남부순환로19길 81,126.824273,37.54705485
CU,화곡대원점,서울특별시 강서구 화곡로21길 43,126.8364262,37.54273314
GS25,마곡일성점,서울특별시 강서구 마곡중앙로 161-22,126.8257454,37.56861315
세븐일레븐,염창점,서울특별시 강서구 양천로69길 11,126.8703756,37.55310936
GS25,강서사랑점,서울특별시 강서구 화곡로58길 8,126.8511845,37.55289716
세븐일레븐,화곡중앙점,서울특별시 강서구 강서로31길 10,126.8405713,37.54031409
CU,마곡사이언스타워점,서울특별시 강서구 마곡동로 62,126.8338743,37.5605394
GS25,화곡풍년점,서울특별시 강서구 곰달래로 61,126.8395846,37.53023984
GS25,방화상춘점,서울특별시 강서구 금낭화로19길 26,126.8106055,37.57606625
세븐일레븐,강서공항중앙점,서울특별시 강서구 송정로 10,126.8123604,37.55609911
CU,SK가양주유소점,서울특별시 강서구 강서로 498,126.8419606,37.56972842
세븐일레븐,개화산역점,서울특별시 강서구 양천로 34,126.8076626,37.57248651
GS25,공항제일점,서울특별시 강서구 송정로4길 46,126.8134905,37.55834502
GS25,화곡행복점,서울특별시 강서구 등촌로13길 90,126.8593687,37.53719037
CU,발산진흥점,서울특별시 강서구 강서로47길 67,126.8323865,37.55288395
세븐일레븐,가양프라자점,서울특별시 강서구 허준로 198,126.8602462,37.56130152
미니스톱,까치산점,서울특별시 강서구 강서로7길 19,126.8466787,37.52948939
세븐일레븐,강서등마루점,서울특별시 강서구 화곡로66길 122,126.8597237,37.55548481
GS25,공항화물청사점,서울특별시 강서구 하늘길 111,126.8033425,37.55877421
CU,방화오피스2호점,서울특별시 강서구 개화동로29길 14,126.8076154,37.56337664
CU,소나무공원점,서울특별시 강서구 까치산로15길 17,126.8472467,37.54697503
CU,강서화곡점,서울특별시 강서구 화곡로42길 15,126.8464163,37.54652541
세븐일레븐,등촌현대점,서울특별시 강서구 공항대로61길 13,126.8653725,37.55167379
CU,염창동아점,서울특별시 강서구 양천로 731,126.8773789,37.55023878
CU,발산수명점,서울특별시 강서구 수명로 31,126.8231327,37.5497646
GS25,화곡으뜸점,서울특별시 강서구 우장산로 125,126.8499567,37.55325463
GS25,화곡초록마을점,서울특별시 강서구 초록마을로6길 6,126.8471355,37.54244174
GS25,화곡소담점,서울특별시 강서구 화곡로44길 12,126.8471647,37.54789328
CU,908증미역점,서울특별시 강서구 양천로 560,126.8612291,37.55770687
GS25,마곡14단지점,서울특별시 강서구 마곡중앙로 33,126.8240665,37.55803636
CU,마곡롯데캐슬점,서울특별시 강서구 마곡중앙로 161-1,126.8274326,37.56785503
GS25,화곡달빛점,서울특별시 강서구 곰달래로16길 29,126.8403657,37.52875179
GS25,방화5단지점,서울특별시 강서구 금낭화로 287-19,126.8102657,37.57679266
GS25,화곡한나점,서울특별시 강서구 강서로5나길 21,126.8471372,37.52836757
CU,906양천향교역점,서울특별시 강서구 양천로 341,126.8407985,37.56875291
CU,910염창역점,서울특별시 강서구 공항대로 631,126.8749823,37.54705333
GS25,발산1단지점,서울특별시 강서구 강서로47길 108,126.8305206,37.55351422
GS25,마곡라마다점,서울특별시 강서구 마곡중앙로 161-11,126.8267064,37.56796495
CU,송정공항점,서울특별시 강서구 공항대로8길 17,126.8123622,37.56026188
CU,마곡보타닉푸르지오2호점,서울특별시 강서구 마곡중앙5로 6,126.8270032,37.56708489
GS25,발산아이파크점,서울특별시 강서구 마곡중앙8로 90,126.8375752,37.56055788
CU,양천향교점,서울특별시 강서구 양천로49길 35,126.840482,37.57018244
CU,909등촌역점,서울특별시 강서구 공항대로 529,126.8649283,37.55111088
CU,907가양역점,서울특별시 강서구 양천로 485,126.8543682,37.56154197
CU,901개화역점,서울특별시 강서구 개화동로8길 38,126.7980577,37.57915581
CU,904신방화역점,서울특별시 강서구 방화대로 301,126.816512,37.56767397
GS25,뉴마곡14단지점,서울특별시 강서구 마곡중앙로 33,126.8240665,37.55803636
GS25,S9마곡나루역점,서울특별시 강서구 마곡중앙5로 2,126.827506,37.56678354
GS25,마곡LG사이언스점,서울특별시 강서구 마곡중앙10로 30,126.8310034,37.56390789
CU,염창월드점,서울특별시 강서구 공항대로59다길 122,126.8694261,37.55078461
세븐일레븐,마곡6단지점,서울특별시 강서구 마곡서1로 100,126.8195019,37.56542431
CU,강서산업센터점,서울특별시 강서구 양천로 401,126.8476262,37.56569318
미니스톱,강서등촌점,서울특별시 강서구 양천로 606,126.8651834,37.55518601
GS25,송정가온점,서울특별시 강서구 공항대로7길 27,126.8128356,37.56252823
세븐일레븐,화곡하늘점,서울특별시 강서구 까치산로18라길 6,126.8516381,37.54693672
CU,SK해바라기주유소점,서울특별시 강서구 화곡로 273,126.8469511,37.54926978
GS25,명덕점,서울특별시 강서구 강서로47길 36,126.8341514,37.55292842
세븐일레븐,강서화곡진주점,서울특별시 강서구 곰달래로36길 17,126.8539068,37.53032564
CU,방화해피점,서울특별시 강서구 양천로24가길 23,126.8143402,37.57257179
CU,화곡와이즈점,서울특별시 강서구 까치산로 20,126.8428804,37.54173335
CU,화곡봉제산점,서울특별시 강서구 강서로18바길 22,126.8496895,37.53603325
CU,강서해링턴점,서울특별시 강서구 강서로 231,126.8357619,37.54615953
세븐일레븐,마곡이너매스점,서울특별시 강서구 마곡중앙6로 21,126.8296028,37.5608215
미니스톱,개화산역점,서울특별시 강서구 양천로 50,126.8092531,37.57284496
CU,염창세계로점,서울특별시 강서구 양천로69길 58,126.8729463,37.55526037
GS25,가양테크노점,서울특별시 강서구 화곡로68길 15,126.8553058,37.55944265
CU,강서한아름점,서울특별시 강서구 등촌로13길 28,126.8617236,37.53560924
CU,외발산점,서울특별시 강서구 방화대로 30,126.8170493,37.54300013
GS25,화곡푸르지오,서울특별시 강서구 화곡로13길 107,126.8322257,37.54723288
세븐일레븐,화곡신정초교점,서울특별시 강서구 곰달래로31다길 8,126.8516991,37.53336772
세븐일레븐,화곡로점,서울특별시 강서구 화곡로60길 33,126.8531119,37.55341146
GS25,강서LG사이언스,서울특별시 강서구 마곡중앙10로 70,126.8354575,37.56353744
GS25,S9개화역점,서울특별시 강서구 개화동로8길 38,126.7949576,37.5804397
GS25,염창행복점,서울특별시 강서구 공항대로81길 35,126.8761213,37.54883021
세븐일레븐,화곡원룸점,서울특별시 강서구 강서로7길 59,126.8444313,37.52922414
미니스톱,서울신주점,서울특별시 강서구 곰달래로31가길 80,126.8558899,37.53233616
GS25,S9염창역점,서울특별시 강서구 공항대로 631,126.8749823,37.54705333
GS25,S9공항시장역점,서울특별시 강서구 방화동로 30,126.8104765,37.56354066
세븐일레븐,화곡보노점,서울특별시 강서구 곰달래로57길 37,126.861638,37.53379733
세븐일레븐,류마타워점,서울특별시 강서구 공항대로 164,126.8254952,37.55931203
CU,등촌능안점,서울특별시 강서구 등촌로39길 30,126.8608531,37.54597178
세븐일레븐,강서화곡대로점,서울특별시 강서구 강서로29길 27,126.8403515,37.53916762
GS25,염창E편한점,서울특별시 강서구 공항대로 583,126.8700717,37.54850216
GS25,등촌한올림점,서울특별시 강서구 화곡로64길 2,126.853551,37.55725413
CU,NH서울타워점,서울특별시 강서구 양천로 570,126.8618554,37.55671277
GS25,화곡그랜드점,서울특별시 강서구 월정로32길 71,126.8390838,37.53627185
GS25,우장산점,서울특별시 강서구 우현로 17,126.8434627,37.54725338
세븐일레븐,마곡W타워점,서울특별시 강서구 마곡중앙1로 14,126.8251914,37.55848006
GS25,방화한숲점,서울특별시 강서구 방화대로50길 17,126.8179428,37.57669859
GS25,S9양천향교역점,서울특별시 강서구 양천로 341,126.8407985,37.56875291
CU,우장산힐스테이트점,서울특별시 강서구 공항대로38길 80,126.8420339,37.55695251
GS25,등촌센트럴점,서울특별시 강서구 공항대로59다길 39,126.865724,37.55311883
CU,등촌3단지점,서울특별시 강서구 강서로56나길 37,126.8408043,37.56107618
세븐일레븐,강서염창점,서울특별시 강서구 양천로73가길 28,126.8736738,37.55053688
CU,강서웨스턴점,서울특별시 강서구 허준로 47,126.8465254,37.57101653
미니스톱,강서우장산점,서울특별시 강서구 강서로48길 47,126.8391039,37.55249066
GS25,방화초원로점,서울특별시 강서구 초원로 43,126.810192,37.56790778
세븐일레븐,마곡호서대기숙사점,서울특별시 강서구 강서로 399,126.8386506,37.56128028
미니스톱,서울희망점,서울특별시 강서구 방화대로6길 33,126.8186141,37.5549815
GS25,곰달래로,서울특별시 강서구 곰달래로31길 16,126.8514653,37.53164447
GS25,마곡루체점,서울특별시 강서구 마곡동로4길 23,126.8361861,37.55963415
GS25,화곡지연점,서울특별시 강서구 초록마을로8길 82,126.8478771,37.53910613
세븐일레븐,화곡월정점,서울특별시 강서구 월정로30길 102,126.8413007,37.53559082
세븐일레븐,마곡롯데연구소점,서울특별시 강서구 마곡중앙로 201,126.8282326,37.57170136
CU,등촌오피스점,서울특별시 강서구 양천로66길 21,126.8651549,37.55407747
GS25,발산사랑점,서울특별시 강서구 우장산로2길 21,126.8376465,37.55378282
CU,염창로보점,서울특별시 강서구 공항대로71길 19,126.8721575,37.54826981
미니스톱,가양점,서울특별시 강서구 양천로 461,126.852206,37.5630347
GS25,화곡행운점,서울특별시 강서구 강서로 47-6,126.846028,37.53206901
GS25,염창세빛점,서울특별시 강서구 공항대로65길 51,126.8699199,37.55031179
GS25,화곡타운점,서울특별시 강서구 강서로18라길 23,126.8478883,37.53543903
CU,화곡소비자점,서울특별시 강서구 화곡로31길 53,126.8404404,37.54438548
GS25,방화행복점,서울특별시 강서구 양천로24길 93,126.8154262,37.56905067
CU,마곡사이언스타,서울특별시 강서구 마곡중앙6로 42,126.8318545,37.560141
CU,화곡천량점,서울특별시 강서구 곰달래로 260,126.8617783,37.53201463
GS25,강서우림점,서울특별시 강서구 양천로 583,126.8643281,37.557106
GS25,마곡SH점,서울특별시 강서구 공항대로 205,126.8304004,37.55975718
CU,방화행운점,서울특별시 강서구 방화대로45길 52,126.8136437,37.57437586
미니스톱,화곡사거리점,서울특별시 강서구 화곡로53가길 10-5,126.847161,37.55107389
GS25,S9신방화역점,서울특별시 강서구 방화대로 301,126.816512,37.56767397
GS25,화곡한빛,서울특별시 강서구 까치산로 71,126.8468009,37.54506048
GS25,강서로우장산점,서울특별시 강서구 강서로46길 47,126.8390497,37.55087728
GS25,마곡LG정문점,서울특별시 강서구 마곡중앙6로 65,126.8347025,37.56041242
CU,마곡미라벨점,서울특별시 강서구 마곡서로 101,126.8235863,37.56266288
CU,뉴화곡우리마을,서울특별시 강서구 강서로7길 107,126.8419142,37.52884808
GS25,등촌캐빈점,서울특별시 강서구 공항대로51길 17,126.8573968,37.55518299
CU,마곡11단지점,서울특별시 강서구 공항대로 124,126.8208543,37.55933785
GS25,S9가양역점,서울특별시 강서구 양천로 485,126.8543682,37.56154197
세븐일레븐,화곡대원점,서울특별시 강서구 화곡로21길 43,126.8364487,37.54274238
GS25,등촌으뜸점,서울특별시 강서구 화곡로66길 149,126.8611914,37.55497638
미니스톱,강서드림점,서울특별시 강서구 화곡로 330,126.851179,37.55325752
GS25,화곡성당점,서울특별시 강서구 강서로 132,126.8425844,37.53891922
세븐일레븐,강서공항점,서울특별시 강서구 송정로4길 1-1,126.8109074,37.55850825
CU,등촌아름점,서울특별시 강서구 공항대로53길 23,126.859953,37.55454995
CU,마곡미라클점,서울특별시 강서구 방화대로34길 60,126.8198224,37.57022098
CU,마곡엠팰리체,서울특별시 강서구 마곡동로4길 15,126.8352327,37.55980495
CU,등촌심미점,서울특별시 강서구 공항대로59다길 1,126.8638569,37.55384873
세븐일레븐,롯데스카이파크점,서울특별시 강서구 하늘길 38,126.80076,37.56595623
GS25,화곡비젼점,서울특별시 강서구 강서로18바길 2,126.8501321,37.53520861
GS25,마곡점,서울특별시 강서구 마곡중앙1로 72,126.8198646,37.55894052
세븐일레븐,마곡행복점,서울특별시 강서구 마곡중앙2로 35,126.8305187,37.55798332
세븐일레븐,마곡열린점,서울특별시 강서구 공항대로 242,126.834314,37.55847137
세븐일레븐,화곡사랑,서울특별시 강서구 초록마을로34길 85,126.8445811,37.53931721
GS25,화곡그린힐점,서울특별시 강서구 초록마을로 89,126.8513767,37.54037465
CU,화곡곰달래점,서울특별시 강서구 곰달래로49길 15,126.8576437,37.53233512
CU,공항대로점,서울특별시 강서구 공항대로 549,126.8670584,37.55020327
GS25,화곡베스트점,서울특별시 강서구 월정로 112,126.8389679,37.52915253
CU,메이필드호텔점,서울특별시 강서구 방화대로 94,126.8194957,37.54788118
세븐일레븐,등촌스타점,서울특별시 강서구 화곡로 404,126.8544261,37.55923589
CU,방화메아리점,서울특별시 강서구 금낭화로24길 29-4,126.814972,37.5784258
세븐일레븐,화곡현대점,서울특별시 강서구 초록마을로30길 7,126.8487882,37.53724988
세븐일레븐,마곡신사고점,서울특별시 강서구 강서로 463,126.840442,37.56692032
세븐일레븐,화곡본동점,서울특별시 강서구 초록마을로14길 37,126.8484719,37.54089599
미니스톱,강서IT점,서울특별시 강서구 공항대로44길 11,126.8508833,37.55556128
세븐일레븐,마곡홈앤쇼핑점,서울특별시 강서구 공항대로 140,126.8231776,37.55914479
GS25,마곡12단지점,서울특별시 강서구 공항대로 140,126.8231776,37.55914479
세븐일레븐,강서중앙점,서울특별시 강서구 공항대로46길 35,126.8524781,37.55415316
CU,강서스타점,서울특별시 강서구 강서로54길 90,126.843616,37.55857186
CU,화곡삼성점,서울특별시 강서구 국회대로7길 101,126.8552583,37.5292485
CU,화곡트윈캐슬점,서울특별시 강서구 초록마을로 71,126.8506657,37.54172829
CU,마곡한솔점,서울특별시 강서구 양천로30길 77,126.8230977,37.56926255
CU,가양휴먼빌점,서울특별시 강서구 양천로57길 13,126.8520051,37.56359139
GS25,마곡에이스점,서울특별시 강서구 마곡동로 61,126.8331376,37.5606042
CU,마곡더랜드점,서울특별시 강서구 마곡중앙로 161-8,126.8272734,37.56861933
CU,발산오피스점,서울특별시 강서구 마곡중앙8로 86,126.8369065,37.56061436
CU,마곡엠코점,서울특별시 강서구 강서로 471,126.8405586,37.56743505
GS25,강서메르디앙점,서울특별시 강서구 공항대로38길 106,126.8434156,37.55689398
미니스톱,강서하늘점,서울특별시 강서구 공항대로59다길 85,126.8679949,37.55187917
GS25,마곡플레이스점,서울특별시 강서구 강서로 395,126.8385751,37.56103625
GS25,염창빌리지점,서울특별시 강서구 양천로69길 19,126.8707444,37.55341924
CU,화곡드림점,서울특별시 강서구 초록마을로22길 82,126.8472067,37.53854996
CU,강서다온점,서울특별시 강서구 화곡로13길 111,126.8331902,37.54489072
CU,화곡미래점,서울특별시 강서구 초록마을로 122,126.8506142,37.53770917
CU,방화오피스점,서울특별시 강서구 개화동로27가길 33,126.8075362,37.56266403
CU,마곡바이셀프점,서울특별시 강서구 양천로47길 94,126.8371898,37.57442995
GS25,마곡힐스테이트점,서울특별시 강서구 공항대로 269-15,126.8372279,37.55959936
세븐일레븐,강서KC대학교점,서울특별시 강서구 까치산로24길 47,126.8535514,37.54836093
GS25,마곡유림점,서울특별시 강서구 강서로 419,126.8391903,37.56297051
GS25,화곡세화점,서울특별시 강서구 곰달래로25길 8,126.8491874,37.53115375
세븐일레븐,김포국제공항국제선청사점,서울특별시 강서구 하늘길 38,126.8029375,37.57135746
세븐일레븐,강서화곡다솜점,서울특별시 강서구 강서로7길 102,126.842034,37.5291466
CU,개화점,서울특별시 강서구 금낭화로 167,126.8133584,37.58094148
GS25,화곡드림점,서울특별시 강서구 우장산로16길 19,126.8494733,37.55231284
GS25,가양2호점,서울특별시 강서구 허준로 47,126.8465254,37.57101653
GS25,강서타운점,서울특별시 강서구 화곡로 346,126.8519974,37.55449989
CU,염창1호점,서울특별시 강서구 양천로 713,126.8752348,37.54983093
CU,화곡초록마을점,서울특별시 강서구 강서로18다길 41,126.8466922,37.53595896
세븐일레븐,가양한림점,서울특별시 강서구 강서로 511,126.8413419,37.57093874
CU,가양미르웰점,서울특별시 강서구 강서로68길 35,126.8430443,37.56627008
GS25,등촌한마음점,서울특별시 강서구 공항대로58길 32,126.8623927,37.55040169
GS25,방화가온점,서울특별시 강서구 양천로11길 14,126.8100282,37.57393401
GS25,S9증미역점,서울특별시 강서구 양천로 560,126.8612291,37.55770687
GS25,강서으뜸점,서울특별시 강서구 강서로7길 45,126.8452567,37.52925925
GS25,화곡월정점,서울특별시 강서구 가로공원로76길 100,126.8388207,37.53280929
세븐일레븐,등촌두보점,서울특별시 강서구 공항대로58나길 40-44,126.8576879,37.55094194
GS25,염창신동아점,서울특별시 강서구 양천로67길 32,126.8688411,37.55504992
CU,방화1호점,서울특별시 강서구 방화대로52길 40,126.8190108,37.57788962
GS25,강서한빛점,서울특별시 강서구 양천로30길 32,126.8225817,37.57183435
GS25,마곡퍼스트점,서울특별시 강서구 마곡중앙로 76,126.8274815,37.560404
GS25,LG사이언스파크점,서울특별시 강서구 마곡중앙10로 10,126.8302176,37.56348564
GS25,수명산4단지점,서울특별시 강서구 수명로1길 16,126.8225424,37.55203833
미니스톱,화곡엠파이어시티점,서울특별시 강서구 강서로 187,126.8387089,37.54293582
미니스톱,우리동네점,서울특별시 강서구 강서로7길 89,126.842714,37.52907217
미니스톱,화곡명월점,서울특별시 강서구 곰달래로 104,126.844313,37.53029522
CU,화곡신월초교점,서울특별시 강서구 강서로31길 52,126.838765,37.53931422
GS25,강서화곡로점,서울특별시 강서구 화곡로18길 31,126.836078,37.53892735
GS25,강서트레벨점,서울특별시 강서구 양천로57길 9-19,126.8509172,37.56367091
GS25,염창현대점,서울특별시 강서구 양천로75길 50,126.875657,37.55186228
GS25,가양글로벌점,서울특별시 강서구 화곡로72길 62,126.8587998,37.56040454
미니스톱,강서공항점,서울특별시 강서구 공항대로8길 55,126.8124116,37.55857745
CU,항공지원센터2호점,서울특별시 강서구 하늘길 70,126.7963528,37.56198289
GS25,편의점,서울특별시 강서구 양천로67길 32,126.8688411,37.55504992
세븐일레븐,강서하이웨이주유소점,서울특별시 강서구 공항대로 432,126.8549396,37.55452846
GS25,강서까치산점,서울특별시 강서구 강서로16길 22,126.8475208,37.53284947
세븐일레븐,발산W타워점,서울특별시 강서구 공항대로 222,126.8321606,37.55865733
CU,화곡미라클점,서울특별시 강서구 초록마을로5길 25,126.84742,37.54380508
CU,방화역점,서울특별시 강서구 금낭화로 287-50,126.8124598,37.5783555
세븐일레븐,강서화곡신정점,서울특별시 강서구 등촌로13다길 32-18,126.858817,37.53552713
CU,강서붐호텔점,서울특별시 강서구 남부순환로 188,126.8195859,37.54862093
미니스톱,비즈메트로점,서울특별시 강서구 양천로 551-17,126.8609249,37.55910054
이마트24,마곡골든점,서울특별시 강서구 마곡중앙6로 89,126.8372758,37.56015848
CU,강서도레미점,서울특별시 강서구 양천로26길 38,126.8183534,37.57220657
미니스톱,등촌우리점,서울특별시 강서구 등촌로39마길 24,126.8588436,37.54640289
CU,화곡행복점,서울특별시 강서구 강서로17길 89,126.8407748,37.53228787
GS25,가양데시앙점,서울특별시 강서구 양천로 418,126.8477436,37.56468517
CU,등촌원룸점,서울특별시 강서구 화곡로68길 132,126.8607377,37.55653079
GS25,뉴내발산점,서울특별시 강서구 강서로45나길 59,126.8354878,37.55068002
세븐일레븐,강서화곡예스점,서울특별시 강서구 화곡로42길 35,126.8474658,37.54597702
GS25,방화샤르망점,서울특별시 강서구 방화대로47가길 7,126.812987,37.57652271
CU,화곡영광점,서울특별시 강서구 곰달래로53길 121,126.8560107,37.53628388
CU,김포공항3호점,서울특별시 강서구 하늘길 111,126.8033425,37.55877421
세븐일레븐,강서화곡한솔점,서울특별시 강서구 까치산로17길 10,126.8492419,37.54821989
GS25,화곡열매점,서울특별시 강서구 곰달래로49길 56,126.8570169,37.53411311
CU,목동먹자촌점,서울특별시 강서구 곰달래로60가길 4,126.8630475,37.53038697
GS25,마곡동익점,서울특별시 강서구 공항대로 195,126.8292573,37.55975486
CU,발산열린점,서울특별시 강서구 마곡중앙6로 93,126.8376838,37.56012645
CU,등촌5단지점,서울특별시 강서구 강서로62길 98,126.8449941,37.5616849
CU,송정역점,서울특별시 강서구 공항대로 43,126.8121499,37.56151218
GS25,화곡도래점,서울특별시 강서구 까치산로20길 11,126.8508135,37.54831629
CU,88체육관점,서울특별시 강서구 공항대로 376,126.847174,37.55684063
CU,편의점,서울특별시 강서구 공항대로 509,126.8632155,37.55211257
GS25,마곡SB점,서울특별시 강서구 마곡중앙5로 81,126.8187513,37.5670837
GS25,공항다솔점,서울특별시 강서구 방화대로6마길 22,126.8178146,37.55400939
GS25,화곡공원점,서울특별시 강서구 화곡로42가길 9,126.8458111,37.54614106
GS25,등촌현대점,서울특별시 강서구 등촌로 163,126.8615738,37.54471728
GS25,강서센트레점,서울특별시 강서구 공항대로2길 25,126.808751,37.56029758
CU,서울식물원점,서울특별시 강서구 마곡중앙로 136,126.8328996,37.57223415
세븐일레븐,S방화역점,서울특별시 강서구 금낭화로 132,126.8126172,37.57699654
세븐일레븐,화곡까치산로점,서울특별시 강서구 까치산로 29,126.8435478,37.54247874
CU,마곡투웨니점,서울특별시 강서구 강서로 443,126.8398916,37.56518493
GS25,화곡가로공원점,서울특별시 강서구 가로공원로 217,126.8399192,37.53785687
CU,강서오토플렉스점,서울특별시 강서구 양천로 390,126.8449306,37.56579298
CU,마곡퀸즈점,서울특별시 강서구 공항대로 212,126.8307769,37.55884186
세븐일레븐,개화중앙점,서울특별시 강서구 개화동로9길 7,126.800313,37.57900756
CU,마곡로뎀점,서울특별시 강서구 공항대로 186,126.8279775,37.55908441
미니스톱,화곡재성점,서울특별시 강서구 월정로20길 25,126.8399421,37.52980184
CU,강서가로공원점,서울특별시 강서구 가로공원로 216,126.8399507,37.53728052
CU,염창오피스점,서울특별시 강서구 공항대로 653-9,126.8774609,37.54778874
세븐일레븐,화곡푸르지오점,서울특별시 강서구 화곡로13길 107,126.8304125,37.54233134
세븐일레븐,마곡대방디엠,서울특별시 강서구 마곡동로10길 23,126.8393414,37.56854938
GS25,방화제일점,서울특별시 강서구 방화동로12길 14,126.8134407,37.56648081
세븐일레븐,마곡로뎀점,서울특별시 강서구 공항대로 186,126.8279775,37.55908441
세븐일레븐,가양9단지점,서울특별시 강서구 허준로 234,126.8637174,37.5585598
CU,화곡일등점,서울특별시 강서구 화곡로27가길 2,126.8407678,37.54224424
CU,이웰메디파크점,서울특별시 강서구 마곡중앙4로 74,126.8349005,37.55787347
세븐일레븐,화곡메인점,서울특별시 강서구 곰달래로49길 112,126.8550526,37.53604032
CU,강서부민병원점,서울특별시 강서구 공항대로 389,126.8508862,37.55684979
세븐일레븐,화곡까치점,서울특별시 강서구 까치산로2길 3,126.8424397,37.54096315
미니스톱,등촌청림점,서울특별시 강서구 공항대로45길 44,126.8557876,37.55679828
CU,마곡두산점,서울특별시 강서구 마곡서로 152,126.8256231,37.56774694
GS25,우장산스카이점,서울특별시 강서구 강서로 294,126.8366441,37.55201593
GS25,공항소담점,서울특별시 강서구 방화대로6라길 26,126.8184941,37.55613362
GS25,김포공항역점,서울특별시 강서구 하늘길 38,126.8023643,37.56190888
GS25,강서메트로칸점,서울특별시 강서구 공항대로45가길 11,126.8536599,37.55605681
GS25,강서우장점,서울특별시 강서구 강서로45다길 35,126.8349893,37.54635915
세븐일레븐,강서화곡로점,서울특별시 강서구 화곡로 296,126.8490706,37.55053388
CU,가양모터리움점,서울특별시 강서구 양천로53길 30,126.8468884,37.56655998
CU,메트로점,서울특별시 강서구 화곡로26가길 2,126.8398375,37.54093761
세븐일레븐,2872S개화산역점,서울특별시 강서구 양천로 22,126.8061727,37.57221016
GS25,발산에너지점,서울특별시 강서구 강서로56길 50,126.8415128,37.55917295
GS25,국립항공박물관점,서울특별시 강서구 하늘길 112,126.8134089,37.55349666
GS25,등촌타운점,서울특별시 강서구 공항대로 543,126.8665978,37.55072146
CU,화곡시원점,서울특별시 강서구 가로공원로76길 38,126.8373106,37.53533535
CU,마곡9단지점,서울특별시 강서구 공항대로 103,126.8191553,37.56228526
세븐일레븐,등촌영일점,서울특별시 강서구 등촌로51가길 27,126.8624225,37.54769887
미니스톱,한강강서1점,서울특별시 강서구 양천로27길 280-11,126.8208015,37.58494455
CU,염창JK블라썸호텔점,서울특별시 강서구 양천로65길 41-22,126.8677624,37.55677857
CU,강서마곡점,서울특별시 강서구 양천로47나길 7,126.8383448,37.57149495
CU,마곡8단지점,서울특별시 강서구 마곡서1로 81,126.8191339,37.56435741
세븐일레븐,화곡우장산점,서울특별시 강서구 화곡로53길 58,126.8457656,37.55202437
세븐일레븐,등촌임광점,서울특별시 강서구 등촌로 113,126.8634494,37.5404374
CU,가양3단지점,서울특별시 강서구 허준로 139,126.8562568,37.56460577
GS25,뉴마곡12단지점,서울특별시 강서구 마곡중앙1로 26,126.8238423,37.5586198
CU,화곡더숨점,서울특별시 강서구 초록마을로34길 57,126.8450504,37.53823155
GS25,화곡화원점,서울특별시 강서구 월정로30길 102,126.8413007,37.53559082
GS25,등촌월드점,서울특별시 강서구 공항대로39길 74,126.8446167,37.56120366
